{
  "sub_sniep_6": [
    [1, 1, 1, 1, 1],
    [1, 1, 1, 1, -1],
    [1, 1, 1, -1, -1],
    [1, 1, -1, -1, -1],
    [-0.2, -0.2, -0.2, -0.2, -0.2],
    [1, -0.5, -0.5, -0.5, -0.5],
    [0, 0, 0, 0, -1],
    [1, 0, 0, -1, -1],
    [1, -0.3333333333333333, -0.3333333333333333, -0.3333333333333333, -1],
    [0.25, 0.25, 0, -0.75, -0.75],
    [0.25, 0.25, 0.2, -0.75, -0.75]
  ],
  "simple_3d_cube": [
    [1, 1, 1],
    [1, 1, -1],
    [1, -1, 1],
    [1, -1, -1],
    [-1, 1, 1],
    [-1, 1, -1],
    [-1, -1, 1],
    [-1, -1, -1]
  ]
}